loss,params,iteration,estimators,train_time
0.19162067495663082,"{'feature_fraction': 0.925984858968721, 'lambda_l1': 0.8546268615947283, 'num_leaves': 120, 'max_bin': 254, 'min_data_in_leaf': 310, 'subsample': 0.9071514063207494, 'subsample_for_bin': 300000, 'verbosity': 0, 'learning_rate': 0.08279997609106177, 'bagging_freq': 4, 'lambda_l2': 0.20851241909379892, 'boosting_type': 'gbdt'}",1,137,30.39992571599987
0.2142310296627562,"{'feature_fraction': 0.8455784768196899, 'lambda_l1': 0.7945501679401741, 'num_leaves': 96, 'max_bin': 254, 'min_data_in_leaf': 260, 'subsample': 1.0, 'subsample_for_bin': 260000, 'verbosity': 0, 'learning_rate': 0.0541986913839272, 'bagging_freq': 2, 'lambda_l2': 0.42518884880888175, 'boosting_type': 'goss'}",2,18,8.473565320000034
0.19117602393046074,"{'feature_fraction': 0.5454867185048429, 'lambda_l1': 0.8255482805539616, 'num_leaves': 192, 'max_bin': 254, 'min_data_in_leaf': 450, 'subsample': 0.9682680355908371, 'subsample_for_bin': 220000, 'verbosity': 0, 'learning_rate': 0.07137030517001111, 'bagging_freq': 2, 'lambda_l2': 0.573007256798119, 'boosting_type': 'gbdt'}",3,228,31.895386387000144
0.1973133187883166,"{'feature_fraction': 0.7398200324492343, 'lambda_l1': 0.8300926656785432, 'num_leaves': 28, 'max_bin': 254, 'min_data_in_leaf': 250, 'subsample': 0.7507059954003132, 'subsample_for_bin': 140000, 'verbosity': 0, 'learning_rate': 0.18849924751021552, 'bagging_freq': 6, 'lambda_l2': 0.6884983194447977, 'boosting_type': 'gbdt'}",4,141,11.217791098999896
0.20201349855084427,"{'feature_fraction': 0.4372652983104973, 'lambda_l1': 0.9983746166996471, 'num_leaves': 176, 'max_bin': 253, 'min_data_in_leaf': 120, 'subsample': 0.5258114118107575, 'subsample_for_bin': 20000, 'verbosity': 0, 'learning_rate': 0.11122366247700408, 'bagging_freq': 4, 'lambda_l2': 0.19499193080787947, 'boosting_type': 'gbdt'}",5,95,17.076603063999983
0.19626642817828888,"{'feature_fraction': 0.6170625542709736, 'lambda_l1': 0.9984408389018625, 'num_leaves': 96, 'max_bin': 253, 'min_data_in_leaf': 100, 'subsample': 0.5097388060112178, 'subsample_for_bin': 120000, 'verbosity': 0, 'learning_rate': 0.10123235639006328, 'bagging_freq': 1, 'lambda_l2': 0.7253360891486296, 'boosting_type': 'gbdt'}",6,137,18.934342506999883
0.1925344697712994,"{'feature_fraction': 0.4515199663936115, 'lambda_l1': 0.5638370051253508, 'num_leaves': 84, 'max_bin': 254, 'min_data_in_leaf': 400, 'subsample': 0.8170564869796402, 'subsample_for_bin': 200000, 'verbosity': 0, 'learning_rate': 0.08468535083673102, 'bagging_freq': 3, 'lambda_l2': 0.21969906091102065, 'boosting_type': 'gbdt'}",7,226,24.200729852999984
0.19211601489603713,"{'feature_fraction': 0.6485319561772414, 'lambda_l1': 0.062334619671592484, 'num_leaves': 156, 'max_bin': 253, 'min_data_in_leaf': 190, 'subsample': 0.88250755719291, 'subsample_for_bin': 100000, 'verbosity': 0, 'learning_rate': 0.0845099217182575, 'bagging_freq': 6, 'lambda_l2': 0.7444172074484743, 'boosting_type': 'gbdt'}",8,140,27.29832605999991
0.20271411865242295,"{'feature_fraction': 0.859824232585904, 'lambda_l1': 0.858187846817502, 'num_leaves': 96, 'max_bin': 253, 'min_data_in_leaf': 440, 'subsample': 0.5841345483626921, 'subsample_for_bin': 160000, 'verbosity': 0, 'learning_rate': 0.231061655575849, 'bagging_freq': 6, 'lambda_l2': 0.46374732032282373, 'boosting_type': 'gbdt'}",9,34,11.037760819999903
0.19931830214332757,"{'feature_fraction': 0.8576202032747727, 'lambda_l1': 0.08513895443166253, 'num_leaves': 116, 'max_bin': 253, 'min_data_in_leaf': 400, 'subsample': 0.6658484545666271, 'subsample_for_bin': 220000, 'verbosity': 0, 'learning_rate': 0.1913670323554635, 'bagging_freq': 5, 'lambda_l2': 0.18741728293113358, 'boosting_type': 'gbdt'}",10,48,14.139368053999988
0.2162916881643041,"{'feature_fraction': 0.6818084044743646, 'lambda_l1': 0.9413026350911706, 'num_leaves': 148, 'max_bin': 254, 'min_data_in_leaf': 100, 'subsample': 1.0, 'subsample_for_bin': 180000, 'verbosity': 0, 'learning_rate': 0.18634038109292278, 'bagging_freq': 4, 'lambda_l2': 0.530066263336378, 'boosting_type': 'goss'}",11,5,5.840492394999956
0.19852370631218863,"{'feature_fraction': 0.5846200656705927, 'lambda_l1': 0.5315040203487624, 'num_leaves': 20, 'max_bin': 253, 'min_data_in_leaf': 160, 'subsample': 0.8508548341188087, 'subsample_for_bin': 240000, 'verbosity': 0, 'learning_rate': 0.20135417733002167, 'bagging_freq': 5, 'lambda_l2': 0.9924238123204797, 'boosting_type': 'gbdt'}",12,218,11.241527025999858
0.19044041229655784,"{'feature_fraction': 0.838589795405718, 'lambda_l1': 0.880949927804069, 'num_leaves': 60, 'max_bin': 253, 'min_data_in_leaf': 490, 'subsample': 0.8625182282020237, 'subsample_for_bin': 40000, 'verbosity': 0, 'learning_rate': 0.0581312434941628, 'bagging_freq': 3, 'lambda_l2': 0.5717610470548932, 'boosting_type': 'gbdt'}",13,404,42.131787282999994
0.194124814496616,"{'feature_fraction': 0.5944456198504544, 'lambda_l1': 0.44836447024450976, 'num_leaves': 140, 'max_bin': 254, 'min_data_in_leaf': 110, 'subsample': 0.8905282329051902, 'subsample_for_bin': 200000, 'verbosity': 0, 'learning_rate': 0.09863167279500128, 'bagging_freq': 6, 'lambda_l2': 0.21774585286703207, 'boosting_type': 'gbdt'}",14,110,20.273521431000063
0.21495318070517422,"{'feature_fraction': 0.9017779665664759, 'lambda_l1': 0.04218667963923284, 'num_leaves': 96, 'max_bin': 253, 'min_data_in_leaf': 220, 'subsample': 1.0, 'subsample_for_bin': 280000, 'verbosity': 0, 'learning_rate': 0.09996589817964394, 'bagging_freq': 2, 'lambda_l2': 0.4243394300418033, 'boosting_type': 'goss'}",15,10,8.385645818000057
0.20088616541513904,"{'feature_fraction': 0.9303028531018795, 'lambda_l1': 0.6206766843734269, 'num_leaves': 144, 'max_bin': 254, 'min_data_in_leaf': 30, 'subsample': 0.8670074276869331, 'subsample_for_bin': 120000, 'verbosity': 0, 'learning_rate': 0.23939836181872562, 'bagging_freq': 5, 'lambda_l2': 0.9502928033376865, 'boosting_type': 'gbdt'}",16,22,13.912790982999923
0.19334745455568914,"{'feature_fraction': 0.5751271656320668, 'lambda_l1': 0.8839890648986785, 'num_leaves': 120, 'max_bin': 254, 'min_data_in_leaf': 180, 'subsample': 0.6275597312772695, 'subsample_for_bin': 40000, 'verbosity': 0, 'learning_rate': 0.06809656158278504, 'bagging_freq': 6, 'lambda_l2': 0.05434110915947277, 'boosting_type': 'gbdt'}",17,191,25.069719982999914
0.19469819693086754,"{'feature_fraction': 0.4069249514011331, 'lambda_l1': 0.3835947815383337, 'num_leaves': 188, 'max_bin': 253, 'min_data_in_leaf': 480, 'subsample': 0.7133598987274508, 'subsample_for_bin': 60000, 'verbosity': 0, 'learning_rate': 0.07364004589479008, 'bagging_freq': 4, 'lambda_l2': 0.4274358071206683, 'boosting_type': 'gbdt'}",18,324,28.046018303999972
0.19778088585046294,"{'feature_fraction': 0.8176825546124191, 'lambda_l1': 0.7683560209777561, 'num_leaves': 32, 'max_bin': 254, 'min_data_in_leaf': 20, 'subsample': 0.8080989650445953, 'subsample_for_bin': 180000, 'verbosity': 0, 'learning_rate': 0.16592203884253234, 'bagging_freq': 2, 'lambda_l2': 0.7966419342668021, 'boosting_type': 'gbdt'}",19,112,10.874518250999927
0.21519463494443503,"{'feature_fraction': 0.8848195046101923, 'lambda_l1': 0.6812212887470055, 'num_leaves': 120, 'max_bin': 253, 'min_data_in_leaf': 390, 'subsample': 1.0, 'subsample_for_bin': 300000, 'verbosity': 0, 'learning_rate': 0.06186107418172554, 'bagging_freq': 3, 'lambda_l2': 0.6321558266732896, 'boosting_type': 'goss'}",20,16,7.16167866700016
0.19008400335031206,"{'feature_fraction': 0.5280499923618284, 'lambda_l1': 0.28592010592869077, 'num_leaves': 56, 'max_bin': 253, 'min_data_in_leaf': 500, 'subsample': 0.9845383411091204, 'subsample_for_bin': 80000, 'verbosity': 0, 'learning_rate': 0.05113633359961638, 'bagging_freq': 1, 'lambda_l2': 0.5714231135780842, 'boosting_type': 'gbdt'}",21,503,44.4356400449999
0.21900552029803266,"{'feature_fraction': 0.7614882288667787, 'lambda_l1': 0.2577082713965342, 'num_leaves': 60, 'max_bin': 253, 'min_data_in_leaf': 500, 'subsample': 1.0, 'subsample_for_bin': 80000, 'verbosity': 0, 'learning_rate': 0.05251611501710775, 'bagging_freq': 1, 'lambda_l2': 0.8578723095887995, 'boosting_type': 'goss'}",22,19,6.331092265000052
0.1937655916834663,"{'feature_fraction': 0.4922920073197073, 'lambda_l1': 0.1998097412116422, 'num_leaves': 56, 'max_bin': 253, 'min_data_in_leaf': 340, 'subsample': 0.9985731749378051, 'subsample_for_bin': 20000, 'verbosity': 0, 'learning_rate': 0.143978165565386, 'bagging_freq': 1, 'lambda_l2': 0.30947676641947575, 'boosting_type': 'gbdt'}",23,165,17.59345488200006
0.19031835249374696,"{'feature_fraction': 0.985299398766093, 'lambda_l1': 0.2872094027494714, 'num_leaves': 56, 'max_bin': 253, 'min_data_in_leaf': 500, 'subsample': 0.9551497611407354, 'subsample_for_bin': 60000, 'verbosity': 0, 'learning_rate': 0.05841040564543771, 'bagging_freq': 2, 'lambda_l2': 0.5847645785535093, 'boosting_type': 'gbdt'}",24,431,48.25491505800005
0.22515896076821817,"{'feature_fraction': 0.9781396111953963, 'lambda_l1': 0.3036149395628041, 'num_leaves': 48, 'max_bin': 253, 'min_data_in_leaf': 340, 'subsample': 1.0, 'subsample_for_bin': 80000, 'verbosity': 0, 'learning_rate': 0.051262745324060555, 'bagging_freq': 2, 'lambda_l2': 0.35731563276219974, 'boosting_type': 'goss'}",25,19,7.970864938999966
0.19418899730476757,"{'feature_fraction': 0.5150860680807021, 'lambda_l1': 0.20550492418921243, 'num_leaves': 68, 'max_bin': 253, 'min_data_in_leaf': 440, 'subsample': 0.9510291026557708, 'subsample_for_bin': 60000, 'verbosity': 0, 'learning_rate': 0.13389357410276748, 'bagging_freq': 1, 'lambda_l2': 0.865204308471341, 'boosting_type': 'gbdt'}",26,134,18.125488196000106
0.19062929297598707,"{'feature_fraction': 0.7240487591127239, 'lambda_l1': 0.38294876318419485, 'num_leaves': 36, 'max_bin': 253, 'min_data_in_leaf': 360, 'subsample': 0.9450781661854656, 'subsample_for_bin': 100000, 'verbosity': 0, 'learning_rate': 0.060471277027253925, 'bagging_freq': 2, 'lambda_l2': 0.6468272469205274, 'boosting_type': 'gbdt'}",27,606,40.26576210600001
0.19048314332776217,"{'feature_fraction': 0.7827067495687632, 'lambda_l1': 0.14102665986680954, 'num_leaves': 76, 'max_bin': 253, 'min_data_in_leaf': 290, 'subsample': 0.993499350207206, 'subsample_for_bin': 40000, 'verbosity': 0, 'learning_rate': 0.06684075202042895, 'bagging_freq': 1, 'lambda_l2': 0.5155418562520463, 'boosting_type': 'gbdt'}",28,250,32.75094341499994
0.19058301867815375,"{'feature_fraction': 0.6765444672704781, 'lambda_l1': 0.33066568956966985, 'num_leaves': 48, 'max_bin': 253, 'min_data_in_leaf': 470, 'subsample': 0.7662143247194322, 'subsample_for_bin': 80000, 'verbosity': 0, 'learning_rate': 0.05033776391360483, 'bagging_freq': 3, 'lambda_l2': 0.3383802489849882, 'boosting_type': 'gbdt'}",29,468,37.59682120000002
0.2417618117288104,"{'feature_fraction': 0.9546475449269102, 'lambda_l1': 0.4713460996052901, 'num_leaves': 20, 'max_bin': 253, 'min_data_in_leaf': 420, 'subsample': 1.0, 'subsample_for_bin': 140000, 'verbosity': 0, 'learning_rate': 0.07843481654467405, 'bagging_freq': 4, 'lambda_l2': 0.6208939297013245, 'boosting_type': 'goss'}",30,12,5.254159073999972
0.19067655436566433,"{'feature_fraction': 0.48640103562384407, 'lambda_l1': 0.15213037106325084, 'num_leaves': 44, 'max_bin': 253, 'min_data_in_leaf': 310, 'subsample': 0.9285481796240829, 'subsample_for_bin': 60000, 'verbosity': 0, 'learning_rate': 0.05813936550230732, 'bagging_freq': 2, 'lambda_l2': 0.06515446226378602, 'boosting_type': 'gbdt'}",31,577,36.331596623999985
0.19168939358283377,"{'feature_fraction': 0.5384857579963288, 'lambda_l1': 0.3978397420699812, 'num_leaves': 84, 'max_bin': 253, 'min_data_in_leaf': 460, 'subsample': 0.994834517066375, 'subsample_for_bin': 120000, 'verbosity': 0, 'learning_rate': 0.08899316217030726, 'bagging_freq': 3, 'lambda_l2': 0.80345416799887, 'boosting_type': 'gbdt'}",32,214,27.066968296999903
0.22246812983989483,"{'feature_fraction': 0.9979412177650064, 'lambda_l1': 0.2668136202909317, 'num_leaves': 108, 'max_bin': 253, 'min_data_in_leaf': 360, 'subsample': 1.0, 'subsample_for_bin': 100000, 'verbosity': 0, 'learning_rate': 0.12716466308473387, 'bagging_freq': 2, 'lambda_l2': 0.572767337809454, 'boosting_type': 'goss'}",33,7,6.153080943000077
0.1904948748706473,"{'feature_fraction': 0.6420776193501831, 'lambda_l1': 0.1178761074954156, 'num_leaves': 72, 'max_bin': 253, 'min_data_in_leaf': 270, 'subsample': 0.8052404730743032, 'subsample_for_bin': 20000, 'verbosity': 0, 'learning_rate': 0.06514230107699222, 'bagging_freq': 3, 'lambda_l2': 0.6866864722660134, 'boosting_type': 'gbdt'}",34,289,29.787770293999984
0.1931278844920149,"{'feature_fraction': 0.4093298967099861, 'lambda_l1': 0.014971454296708542, 'num_leaves': 20, 'max_bin': 253, 'min_data_in_leaf': 490, 'subsample': 0.7018829012078398, 'subsample_for_bin': 140000, 'verbosity': 0, 'learning_rate': 0.055017376891370644, 'bagging_freq': 1, 'lambda_l2': 0.38688755875574216, 'boosting_type': 'gbdt'}",35,1019,44.240299636000145
0.19297579482207616,"{'feature_fraction': 0.44376397577490817, 'lambda_l1': 0.20288254900945002, 'num_leaves': 84, 'max_bin': 254, 'min_data_in_leaf': 60, 'subsample': 0.9173108710185941, 'subsample_for_bin': 40000, 'verbosity': 0, 'learning_rate': 0.07619466058633298, 'bagging_freq': 1, 'lambda_l2': 0.2816134808440694, 'boosting_type': 'gbdt'}",36,212,20.194039562999933
0.1921885967201855,"{'feature_fraction': 0.8017826879928891, 'lambda_l1': 0.5941603372167887, 'num_leaves': 40, 'max_bin': 253, 'min_data_in_leaf': 380, 'subsample': 0.98051636045481, 'subsample_for_bin': 80000, 'verbosity': 0, 'learning_rate': 0.11483549589638482, 'bagging_freq': 1, 'lambda_l2': 0.1386919897439195, 'boosting_type': 'gbdt'}",37,216,21.530885676000253
0.1928474062755421,"{'feature_fraction': 0.7124307595737313, 'lambda_l1': 0.4339321514725072, 'num_leaves': 28, 'max_bin': 253, 'min_data_in_leaf': 430, 'subsample': 0.9108441648205288, 'subsample_for_bin': 140000, 'verbosity': 0, 'learning_rate': 0.09112539414792582, 'bagging_freq': 2, 'lambda_l2': 0.49858065488951797, 'boosting_type': 'gbdt'}",38,491,29.847822609000104
0.21300118420010838,"{'feature_fraction': 0.6186604848177748, 'lambda_l1': 0.3301432823174327, 'num_leaves': 104, 'max_bin': 254, 'min_data_in_leaf': 240, 'subsample': 1.0, 'subsample_for_bin': 160000, 'verbosity': 0, 'learning_rate': 0.055161710965008756, 'bagging_freq': 5, 'lambda_l2': 0.7498496594441499, 'boosting_type': 'goss'}",39,18,7.6466389289998915
0.19187156225610968,"{'feature_fraction': 0.5356665592128713, 'lambda_l1': 0.6778245116210968, 'num_leaves': 132, 'max_bin': 253, 'min_data_in_leaf': 310, 'subsample': 0.77975133234053, 'subsample_for_bin': 100000, 'verbosity': 0, 'learning_rate': 0.07204546729677228, 'bagging_freq': 3, 'lambda_l2': 0.6967094135824892, 'boosting_type': 'gbdt'}",40,173,24.728117036000185
0.1949357191814901,"{'feature_fraction': 0.4720671790575142, 'lambda_l1': 0.5195769806104812, 'num_leaves': 172, 'max_bin': 254, 'min_data_in_leaf': 420, 'subsample': 0.8322531224983086, 'subsample_for_bin': 20000, 'verbosity': 0, 'learning_rate': 0.11150569143393158, 'bagging_freq': 2, 'lambda_l2': 0.47576375977151497, 'boosting_type': 'gbdt'}",41,157,21.472528838000017
0.19083886218325008,"{'feature_fraction': 0.6777807392261914, 'lambda_l1': 0.24711964181998278, 'num_leaves': 56, 'max_bin': 253, 'min_data_in_leaf': 450, 'subsample': 0.972025874178229, 'subsample_for_bin': 120000, 'verbosity': 0, 'learning_rate': 0.08198433564645688, 'bagging_freq': 4, 'lambda_l2': 0.9085731087562168, 'boosting_type': 'gbdt'}",42,299,29.74746403600011
0.19738417538557018,"{'feature_fraction': 0.5559716263305833, 'lambda_l1': 0.10063630236232732, 'num_leaves': 76, 'max_bin': 253, 'min_data_in_leaf': 500, 'subsample': 0.7246747352403325, 'subsample_for_bin': 60000, 'verbosity': 0, 'learning_rate': 0.15792633729130104, 'bagging_freq': 2, 'lambda_l2': 0.5594976294464321, 'boosting_type': 'gbdt'}",43,74,13.349202908999814
0.21481297981398928,"{'feature_fraction': 0.7663237850215885, 'lambda_l1': 0.010372541629637966, 'num_leaves': 132, 'max_bin': 253, 'min_data_in_leaf': 410, 'subsample': 1.0, 'subsample_for_bin': 40000, 'verbosity': 0, 'learning_rate': 0.09238172213175015, 'bagging_freq': 5, 'lambda_l2': 0.26303766677367724, 'boosting_type': 'goss'}",44,10,6.540179046000048
0.19312986741102822,"{'feature_fraction': 0.6199182177296525, 'lambda_l1': 0.4931898793468461, 'num_leaves': 92, 'max_bin': 254, 'min_data_in_leaf': 220, 'subsample': 0.5428271941882261, 'subsample_for_bin': 220000, 'verbosity': 0, 'learning_rate': 0.06282346421723772, 'bagging_freq': 1, 'lambda_l2': 0.4290112571147643, 'boosting_type': 'gbdt'}",45,239,27.786914046999755
0.1958273568416331,"{'feature_fraction': 0.4286415367627112, 'lambda_l1': 0.33866825090576497, 'num_leaves': 108, 'max_bin': 253, 'min_data_in_leaf': 140, 'subsample': 0.9410230780301814, 'subsample_for_bin': 180000, 'verbosity': 0, 'learning_rate': 0.119476001715244, 'bagging_freq': 1, 'lambda_l2': 0.7921516611865161, 'boosting_type': 'gbdt'}",46,108,16.109828470999673
0.1918584308772252,"{'feature_fraction': 0.7406330479293064, 'lambda_l1': 0.16292255714765974, 'num_leaves': 92, 'max_bin': 253, 'min_data_in_leaf': 70, 'subsample': 0.897316998935956, 'subsample_for_bin': 120000, 'verbosity': 0, 'learning_rate': 0.07045564243659276, 'bagging_freq': 3, 'lambda_l2': 0.6243795569521275, 'boosting_type': 'gbdt'}",47,155,21.82312356700004
0.1917039586471062,"{'feature_fraction': 0.6560676208243548, 'lambda_l1': 0.5549323149682484, 'num_leaves': 16, 'max_bin': 254, 'min_data_in_leaf': 370, 'subsample': 0.8357222984326566, 'subsample_for_bin': 160000, 'verbosity': 0, 'learning_rate': 0.050088472503111624, 'bagging_freq': 2, 'lambda_l2': 0.6794721881534672, 'boosting_type': 'gbdt'}",48,1403,55.77231790899987
0.22016531881896018,"{'feature_fraction': 0.894175224555896, 'lambda_l1': 0.06732365097533355, 'num_leaves': 64, 'max_bin': 253, 'min_data_in_leaf': 470, 'subsample': 1.0, 'subsample_for_bin': 80000, 'verbosity': 0, 'learning_rate': 0.05706141471488088, 'bagging_freq': 4, 'lambda_l2': 0.11079695671915024, 'boosting_type': 'goss'}",49,17,7.289926453000135
0.19226782394362651,"{'feature_fraction': 0.9285086176022145, 'lambda_l1': 0.4091413678488935, 'num_leaves': 28, 'max_bin': 253, 'min_data_in_leaf': 330, 'subsample': 0.9645690385230158, 'subsample_for_bin': 240000, 'verbosity': 0, 'learning_rate': 0.101216097641336, 'bagging_freq': 2, 'lambda_l2': 0.9772548568571409, 'boosting_type': 'gbdt'}",50,477,31.639436035000017
0.19349748487251173,"{'feature_fraction': 0.8342895401979706, 'lambda_l1': 0.6964588605091229, 'num_leaves': 160, 'max_bin': 254, 'min_data_in_leaf': 190, 'subsample': 0.6666719524232988, 'subsample_for_bin': 100000, 'verbosity': 0, 'learning_rate': 0.07676472934865616, 'bagging_freq': 3, 'lambda_l2': 0.0019308701211331325, 'boosting_type': 'gbdt'}",51,143,29.59352422699976
0.23909942356806335,"{'feature_fraction': 0.5914977017531722, 'lambda_l1': 0.27989917905518924, 'num_leaves': 52, 'max_bin': 253, 'min_data_in_leaf': 270, 'subsample': 1.0, 'subsample_for_bin': 60000, 'verbosity': 0, 'learning_rate': 0.20252691845618526, 'bagging_freq': 5, 'lambda_l2': 0.5417660373239469, 'boosting_type': 'goss'}",52,4,5.762699132999842
0.191967016439604,"{'feature_fraction': 0.8635840849314964, 'lambda_l1': 0.22778800521664952, 'num_leaves': 84, 'max_bin': 253, 'min_data_in_leaf': 400, 'subsample': 0.5800848140402551, 'subsample_for_bin': 140000, 'verbosity': 0, 'learning_rate': 0.053896851439340296, 'bagging_freq': 1, 'lambda_l2': 0.7450555511019816, 'boosting_type': 'gbdt'}",53,336,39.19814759499968
0.19173536760383447,"{'feature_fraction': 0.9986075324872057, 'lambda_l1': 0.35629451546721586, 'num_leaves': 40, 'max_bin': 254, 'min_data_in_leaf': 450, 'subsample': 0.8735911346588108, 'subsample_for_bin': 200000, 'verbosity': 0, 'learning_rate': 0.08303444436987191, 'bagging_freq': 4, 'lambda_l2': 0.5924865167813249, 'boosting_type': 'gbdt'}",54,349,31.738630663000095
0.19137434749735005,"{'feature_fraction': 0.46528685800600933, 'lambda_l1': 0.7853717828134157, 'num_leaves': 64, 'max_bin': 253, 'min_data_in_leaf': 480, 'subsample': 0.7823236310811665, 'subsample_for_bin': 260000, 'verbosity': 0, 'learning_rate': 0.0641404798661695, 'bagging_freq': 2, 'lambda_l2': 0.38047396453399285, 'boosting_type': 'gbdt'}",55,353,30.218049776000043
0.22371361972554027,"{'feature_fraction': 0.5110881270123186, 'lambda_l1': 0.6060740429657093, 'num_leaves': 128, 'max_bin': 253, 'min_data_in_leaf': 330, 'subsample': 1.0, 'subsample_for_bin': 20000, 'verbosity': 0, 'learning_rate': 0.10624401688182444, 'bagging_freq': 3, 'lambda_l2': 0.46140265700428895, 'boosting_type': 'goss'}",56,9,5.278462332000345
0.19797924763440378,"{'feature_fraction': 0.5732589369597852, 'lambda_l1': 0.9438985908313053, 'num_leaves': 100, 'max_bin': 253, 'min_data_in_leaf': 500, 'subsample': 0.9212454749957375, 'subsample_for_bin': 180000, 'verbosity': 0, 'learning_rate': 0.21689736054859324, 'bagging_freq': 1, 'lambda_l2': 0.8410071658091577, 'boosting_type': 'gbdt'}",57,62,15.245115379999788
0.1921362459111685,"{'feature_fraction': 0.9517328541355861, 'lambda_l1': 0.43525586497387114, 'num_leaves': 32, 'max_bin': 254, 'min_data_in_leaf': 390, 'subsample': 0.7372820842159323, 'subsample_for_bin': 40000, 'verbosity': 0, 'learning_rate': 0.06858978273638408, 'bagging_freq': 3, 'lambda_l2': 0.9162460912383982, 'boosting_type': 'gbdt'}",58,519,36.741136697
0.1977986316653334,"{'feature_fraction': 0.4265851362947338, 'lambda_l1': 0.2949077068417422, 'num_leaves': 112, 'max_bin': 253, 'min_data_in_leaf': 430, 'subsample': 0.8941823630098591, 'subsample_for_bin': 100000, 'verbosity': 0, 'learning_rate': 0.16662118812556004, 'bagging_freq': 1, 'lambda_l2': 0.23634810594221234, 'boosting_type': 'gbdt'}",59,72,14.959593944000062
0.21523122504142644,"{'feature_fraction': 0.6394187678710511, 'lambda_l1': 0.4786312710229769, 'num_leaves': 80, 'max_bin': 253, 'min_data_in_leaf': 210, 'subsample': 1.0, 'subsample_for_bin': 80000, 'verbosity': 0, 'learning_rate': 0.09532155864558622, 'bagging_freq': 5, 'lambda_l2': 0.6035681101406458, 'boosting_type': 'goss'}",60,10,7.243452837999939
0.19174953957843455,"{'feature_fraction': 0.5598586071841773, 'lambda_l1': 0.7233079199508595, 'num_leaves': 92, 'max_bin': 253, 'min_data_in_leaf': 160, 'subsample': 0.6753520231918501, 'subsample_for_bin': 120000, 'verbosity': 0, 'learning_rate': 0.06055530735336159, 'bagging_freq': 2, 'lambda_l2': 0.18277216796881607, 'boosting_type': 'gbdt'}",61,246,26.988973281999733
0.19484197275423865,"{'feature_fraction': 0.513047725614485, 'lambda_l1': 0.16807945045098005, 'num_leaves': 68, 'max_bin': 253, 'min_data_in_leaf': 240, 'subsample': 0.8510224514339317, 'subsample_for_bin': 60000, 'verbosity': 0, 'learning_rate': 0.14118434001194957, 'bagging_freq': 2, 'lambda_l2': 0.7099544051042458, 'boosting_type': 'gbdt'}",62,110,14.062292718999743
0.19214131676794055,"{'feature_fraction': 0.6954169450445896, 'lambda_l1': 0.03205165245345076, 'num_leaves': 48, 'max_bin': 254, 'min_data_in_leaf': 460, 'subsample': 0.603880905606939, 'subsample_for_bin': 300000, 'verbosity': 0, 'learning_rate': 0.05150515665167167, 'bagging_freq': 2, 'lambda_l2': 0.6598725793687383, 'boosting_type': 'gbdt'}",63,522,40.3994632480003
0.2204396369926943,"{'feature_fraction': 0.7343298760142318, 'lambda_l1': 0.3679136124866986, 'num_leaves': 56, 'max_bin': 253, 'min_data_in_leaf': 290, 'subsample': 1.0, 'subsample_for_bin': 20000, 'verbosity': 0, 'learning_rate': 0.05844493031363244, 'bagging_freq': 4, 'lambda_l2': 0.3249908103705018, 'boosting_type': 'goss'}",64,17,7.540441203000228
0.19277684340362689,"{'feature_fraction': 0.9550225578810734, 'lambda_l1': 0.12037650832914418, 'num_leaves': 16, 'max_bin': 253, 'min_data_in_leaf': 350, 'subsample': 0.9995221514558065, 'subsample_for_bin': 40000, 'verbosity': 0, 'learning_rate': 0.07915906254834063, 'bagging_freq': 6, 'lambda_l2': 0.40432910972932246, 'boosting_type': 'gbdt'}",65,945,43.771065305999855
0.19118404514360599,"{'feature_fraction': 0.8777003101904003, 'lambda_l1': 0.8445565958121545, 'num_leaves': 40, 'max_bin': 253, 'min_data_in_leaf': 490, 'subsample': 0.858316621184715, 'subsample_for_bin': 40000, 'verbosity': 0, 'learning_rate': 0.07339974230839073, 'bagging_freq': 3, 'lambda_l2': 0.5141579020445084, 'boosting_type': 'gbdt'}",66,406,34.77115739100009
0.19079506544226754,"{'feature_fraction': 0.9063736772147343, 'lambda_l1': 0.5515525992981831, 'num_leaves': 72, 'max_bin': 253, 'min_data_in_leaf': 480, 'subsample': 0.9508974612049609, 'subsample_for_bin': 20000, 'verbosity': 0, 'learning_rate': 0.08771017722649349, 'bagging_freq': 3, 'lambda_l2': 0.4517298995379336, 'boosting_type': 'gbdt'}",67,247,34.01082620599982
0.19152405460710875,"{'feature_fraction': 0.8383383362619425, 'lambda_l1': 0.8926909463178445, 'num_leaves': 24, 'max_bin': 253, 'min_data_in_leaf': 440, 'subsample': 0.880814117003476, 'subsample_for_bin': 60000, 'verbosity': 0, 'learning_rate': 0.06633877895275304, 'bagging_freq': 3, 'lambda_l2': 0.5483196532042237, 'boosting_type': 'gbdt'}",68,836,49.066686441
0.1904786675650776,"{'feature_fraction': 0.9159426806923897, 'lambda_l1': 0.6388660631142564, 'num_leaves': 60, 'max_bin': 253, 'min_data_in_leaf': 410, 'subsample': 0.8282381369551011, 'subsample_for_bin': 80000, 'verbosity': 0, 'learning_rate': 0.05766375476826049, 'bagging_freq': 3, 'lambda_l2': 0.7763576290810551, 'boosting_type': 'gbdt'}",69,374,40.7062054830003
0.19023323220096955,"{'feature_fraction': 0.8047052541736646, 'lambda_l1': 0.23799651938665886, 'num_leaves': 48, 'max_bin': 253, 'min_data_in_leaf': 460, 'subsample': 0.9652081473940121, 'subsample_for_bin': 60000, 'verbosity': 0, 'learning_rate': 0.05306371899182867, 'bagging_freq': 2, 'lambda_l2': 0.4848915804202507, 'boosting_type': 'gbdt'}",70,490,44.516155813000296
0.1901734563648101,"{'feature_fraction': 0.8115706587664411, 'lambda_l1': 0.23570550198079487, 'num_leaves': 36, 'max_bin': 253, 'min_data_in_leaf': 460, 'subsample': 0.981275651153076, 'subsample_for_bin': 60000, 'verbosity': 0, 'learning_rate': 0.05432839554304281, 'bagging_freq': 1, 'lambda_l2': 0.49011307922521496, 'boosting_type': 'gbdt'}",71,768,110.23661191100018
0.1908519771833982,"{'feature_fraction': 0.8017482239447213, 'lambda_l1': 0.19925645214539445, 'num_leaves': 32, 'max_bin': 253, 'min_data_in_leaf': 390, 'subsample': 0.9883923859509209, 'subsample_for_bin': 80000, 'verbosity': 0, 'learning_rate': 0.05274178021579024, 'bagging_freq': 1, 'lambda_l2': 0.3532301991313127, 'boosting_type': 'gbdt'}",72,965,64.348923087
0.18988917718958975,"{'feature_fraction': 0.81717533424986, 'lambda_l1': 0.2455018593651256, 'num_leaves': 44, 'max_bin': 253, 'min_data_in_leaf': 370, 'subsample': 0.9347411223143532, 'subsample_for_bin': 100000, 'verbosity': 0, 'learning_rate': 0.055362862128431736, 'bagging_freq': 1, 'lambda_l2': 0.4808404256684678, 'boosting_type': 'gbdt'}",73,505,43.90568970300001
0.19115488662525149,"{'feature_fraction': 0.8220045055848141, 'lambda_l1': 0.06425887396035035, 'num_leaves': 24, 'max_bin': 253, 'min_data_in_leaf': 290, 'subsample': 0.9422403327777527, 'subsample_for_bin': 120000, 'verbosity': 0, 'learning_rate': 0.055621637222127006, 'bagging_freq': 1, 'lambda_l2': 0.28882301913215497, 'boosting_type': 'gbdt'}",74,966,53.876664578000145
0.19093222862381865,"{'feature_fraction': 0.7570473922060243, 'lambda_l1': 0.3080234379784751, 'num_leaves': 36, 'max_bin': 253, 'min_data_in_leaf': 370, 'subsample': 0.9089029379838058, 'subsample_for_bin': 100000, 'verbosity': 0, 'learning_rate': 0.06144504048179795, 'bagging_freq': 1, 'lambda_l2': 0.4450070896040753, 'boosting_type': 'gbdt'}",75,549,40.54872980900018
0.19034656759688795,"{'feature_fraction': 0.7785206230482677, 'lambda_l1': 0.1854122337183678, 'num_leaves': 36, 'max_bin': 253, 'min_data_in_leaf': 320, 'subsample': 0.9306476808243553, 'subsample_for_bin': 160000, 'verbosity': 0, 'learning_rate': 0.05044505848721685, 'bagging_freq': 1, 'lambda_l2': 0.3954470916215027, 'boosting_type': 'gbdt'}",76,752,53.22055760400008
0.19086143535767874,"{'feature_fraction': 0.8649525547330925, 'lambda_l1': 0.12324565470348017, 'num_leaves': 52, 'max_bin': 253, 'min_data_in_leaf': 420, 'subsample': 0.9794229725673372, 'subsample_for_bin': 140000, 'verbosity': 0, 'learning_rate': 0.06906835249050214, 'bagging_freq': 2, 'lambda_l2': 0.6537424055668901, 'boosting_type': 'gbdt'}",77,413,40.65247959399994
0.19046826597558353,"{'feature_fraction': 0.7019259037097936, 'lambda_l1': 0.41666467373626215, 'num_leaves': 64, 'max_bin': 253, 'min_data_in_leaf': 350, 'subsample': 0.7951285487923779, 'subsample_for_bin': 100000, 'verbosity': 0, 'learning_rate': 0.06000769459713412, 'bagging_freq': 1, 'lambda_l2': 0.5268278113936518, 'boosting_type': 'gbdt'}",78,295,32.071613413999785
0.19165357983794495,"{'feature_fraction': 0.7816946829494866, 'lambda_l1': 0.2227475042773604, 'num_leaves': 44, 'max_bin': 253, 'min_data_in_leaf': 440, 'subsample': 0.9588008250363393, 'subsample_for_bin': 120000, 'verbosity': 0, 'learning_rate': 0.10709312094444333, 'bagging_freq': 1, 'lambda_l2': 0.4170053046010131, 'boosting_type': 'gbdt'}",79,238,24.874910098000328
0.22957606792243623,"{'feature_fraction': 0.6658904121255171, 'lambda_l1': 0.08795946993289391, 'num_leaves': 24, 'max_bin': 253, 'min_data_in_leaf': 370, 'subsample': 1.0, 'subsample_for_bin': 80000, 'verbosity': 0, 'learning_rate': 0.06411336577170373, 'bagging_freq': 2, 'lambda_l2': 0.5036926871902477, 'boosting_type': 'goss'}",80,15,5.26076791999958
0.19307631221893207,"{'feature_fraction': 0.6058906618193991, 'lambda_l1': 0.3091468367364537, 'num_leaves': 16, 'max_bin': 253, 'min_data_in_leaf': 410, 'subsample': 0.7613990347443573, 'subsample_for_bin': 140000, 'verbosity': 0, 'learning_rate': 0.07465044161591868, 'bagging_freq': 1, 'lambda_l2': 0.726208874679179, 'boosting_type': 'gbdt'}",81,864,37.81213211500017
0.19301845597067224,"{'feature_fraction': 0.8509423481861331, 'lambda_l1': 0.2591780934896507, 'num_leaves': 88, 'max_bin': 253, 'min_data_in_leaf': 470, 'subsample': 0.8874113024762552, 'subsample_for_bin': 40000, 'verbosity': 0, 'learning_rate': 0.1230738880697209, 'bagging_freq': 1, 'lambda_l2': 0.16656870516136235, 'boosting_type': 'gbdt'}",82,106,22.363230650999867
0.18940377695931276,"{'feature_fraction': 0.7143149078933972, 'lambda_l1': 0.5186426360794297, 'num_leaves': 72, 'max_bin': 253, 'min_data_in_leaf': 310, 'subsample': 0.9795644899259159, 'subsample_for_bin': 100000, 'verbosity': 0, 'learning_rate': 0.05614073455262968, 'bagging_freq': 1, 'lambda_l2': 0.37169351968517883, 'boosting_type': 'gbdt'}",83,502,51.29526701600025
0.19127808638811183,"{'feature_fraction': 0.6295809413846707, 'lambda_l1': 0.5079929104681913, 'num_leaves': 100, 'max_bin': 253, 'min_data_in_leaf': 260, 'subsample': 0.9322918441143806, 'subsample_for_bin': 180000, 'verbosity': 0, 'learning_rate': 0.0806849047862522, 'bagging_freq': 1, 'lambda_l2': 0.25114093388761416, 'boosting_type': 'gbdt'}",84,216,30.422532332999708
0.2166734863357137,"{'feature_fraction': 0.7184661608937315, 'lambda_l1': 0.5807347275377908, 'num_leaves': 72, 'max_bin': 254, 'min_data_in_leaf': 240, 'subsample': 1.0, 'subsample_for_bin': 200000, 'verbosity': 0, 'learning_rate': 0.08479991435008948, 'bagging_freq': 2, 'lambda_l2': 0.30477666613005927, 'boosting_type': 'goss'}",85,11,7.727005962000021
0.19354333223128461,"{'feature_fraction': 0.7472512098367546, 'lambda_l1': 0.5367552949308135, 'num_leaves': 80, 'max_bin': 253, 'min_data_in_leaf': 280, 'subsample': 0.5044141942824457, 'subsample_for_bin': 160000, 'verbosity': 0, 'learning_rate': 0.0715660371302918, 'bagging_freq': 3, 'lambda_l2': 0.36859580734772235, 'boosting_type': 'gbdt'}",86,205,24.202608384000087
0.2002799982103064,"{'feature_fraction': 0.6945226733862608, 'lambda_l1': 0.4526885639357814, 'num_leaves': 76, 'max_bin': 253, 'min_data_in_leaf': 310, 'subsample': 0.8193157983116311, 'subsample_for_bin': 100000, 'verbosity': 0, 'learning_rate': 0.24704723054030267, 'bagging_freq': 2, 'lambda_l2': 0.22254052963751966, 'boosting_type': 'gbdt'}",87,49,12.41387449900003
0.1923209576562407,"{'feature_fraction': 0.5310784099040918, 'lambda_l1': 0.38802130815833247, 'num_leaves': 68, 'max_bin': 254, 'min_data_in_leaf': 330, 'subsample': 0.904999608864803, 'subsample_for_bin': 140000, 'verbosity': 0, 'learning_rate': 0.09632314605419523, 'bagging_freq': 1, 'lambda_l2': 0.6139209242331857, 'boosting_type': 'gbdt'}",88,186,21.394100994999917
0.21067261215669475,"{'feature_fraction': 0.6691996239219868, 'lambda_l1': 0.750648926413112, 'num_leaves': 116, 'max_bin': 253, 'min_data_in_leaf': 300, 'subsample': 1.0, 'subsample_for_bin': 120000, 'verbosity': 0, 'learning_rate': 0.06625871149078195, 'bagging_freq': 2, 'lambda_l2': 0.04635774524393138, 'boosting_type': 'goss'}",89,15,7.947359228000096
0.19016141908551332,"{'feature_fraction': 0.7698645171478375, 'lambda_l1': 0.4618363054172097, 'num_leaves': 188, 'max_bin': 253, 'min_data_in_leaf': 140, 'subsample': 0.8659907204661879, 'subsample_for_bin': 100000, 'verbosity': 0, 'learning_rate': 0.05621773339301124, 'bagging_freq': 1, 'lambda_l2': 0.10953371399452144, 'boosting_type': 'gbdt'}",90,189,41.027811187000225
0.19809308858731745,"{'feature_fraction': 0.8278467117136175, 'lambda_l1': 0.6433051751625718, 'num_leaves': 60, 'max_bin': 253, 'min_data_in_leaf': 210, 'subsample': 0.6416305142766776, 'subsample_for_bin': 160000, 'verbosity': 0, 'learning_rate': 0.18125634592915668, 'bagging_freq': 5, 'lambda_l2': 0.3272418196802291, 'boosting_type': 'gbdt'}",91,71,12.470539525000277
0.19151733058988185,"{'feature_fraction': 0.597950099500329, 'lambda_l1': 0.3243164416242647, 'num_leaves': 52, 'max_bin': 253, 'min_data_in_leaf': 180, 'subsample': 0.9969603049753707, 'subsample_for_bin': 80000, 'verbosity': 0, 'learning_rate': 0.08630708860134131, 'bagging_freq': 3, 'lambda_l2': 0.5654166231490453, 'boosting_type': 'gbdt'}",92,300,23.692734873000063
0.19106087377055525,"{'feature_fraction': 0.40054109381461633, 'lambda_l1': 0.814308601387186, 'num_leaves': 88, 'max_bin': 254, 'min_data_in_leaf': 250, 'subsample': 0.8441254932236691, 'subsample_for_bin': 120000, 'verbosity': 0, 'learning_rate': 0.05197265179156808, 'bagging_freq': 1, 'lambda_l2': 0.347114316043627, 'boosting_type': 'gbdt'}",93,396,35.93609583499983
0.21758252258151656,"{'feature_fraction': 0.793434832927425, 'lambda_l1': 0.489351902834393, 'num_leaves': 124, 'max_bin': 253, 'min_data_in_leaf': 380, 'subsample': 1.0, 'subsample_for_bin': 100000, 'verbosity': 0, 'learning_rate': 0.15192040012836425, 'bagging_freq': 5, 'lambda_l2': 0.5856904082263811, 'boosting_type': 'goss'}",94,6,4.532561022999744
0.19172235851951458,"{'feature_fraction': 0.6526041614558241, 'lambda_l1': 0.36224441152913633, 'num_leaves': 44, 'max_bin': 253, 'min_data_in_leaf': 350, 'subsample': 0.6859335432517004, 'subsample_for_bin': 220000, 'verbosity': 0, 'learning_rate': 0.06412037065170174, 'bagging_freq': 2, 'lambda_l2': 0.8348999668669187, 'boosting_type': 'gbdt'}",95,459,33.545843612000226
0.18997098460996276,"{'feature_fraction': 0.7322610828685673, 'lambda_l1': 0.26806972714840743, 'num_leaves': 104, 'max_bin': 253, 'min_data_in_leaf': 220, 'subsample': 0.9711525776961564, 'subsample_for_bin': 140000, 'verbosity': 0, 'learning_rate': 0.05933303356688779, 'bagging_freq': 1, 'lambda_l2': 0.2731513806131606, 'boosting_type': 'gbdt'}",96,258,37.51446278000003
0.19206376563518546,"{'feature_fraction': 0.7346178952930346, 'lambda_l1': 0.5746942750607409, 'num_leaves': 168, 'max_bin': 254, 'min_data_in_leaf': 120, 'subsample': 0.9702447641871367, 'subsample_for_bin': 140000, 'verbosity': 0, 'learning_rate': 0.09273222809914014, 'bagging_freq': 1, 'lambda_l2': 0.2087799077166022, 'boosting_type': 'gbdt'}",97,100,25.879847149999932
0.19848920614195453,"{'feature_fraction': 0.7063734526241487, 'lambda_l1': 0.03776799884288695, 'num_leaves': 144, 'max_bin': 253, 'min_data_in_leaf': 210, 'subsample': 0.5496072439751009, 'subsample_for_bin': 180000, 'verbosity': 0, 'learning_rate': 0.13221186301417145, 'bagging_freq': 1, 'lambda_l2': 0.27133657949755796, 'boosting_type': 'gbdt'}",98,52,15.94916116100012
0.20812941479010894,"{'feature_fraction': 0.6816467226818803, 'lambda_l1': 0.4229024701859306, 'num_leaves': 152, 'max_bin': 253, 'min_data_in_leaf': 140, 'subsample': 1.0, 'subsample_for_bin': 240000, 'verbosity': 0, 'learning_rate': 0.05008748742481562, 'bagging_freq': 4, 'lambda_l2': 0.14224211841639317, 'boosting_type': 'goss'}",99,19,9.945938326000032
0.19087506028248524,"{'feature_fraction': 0.8791309635306112, 'lambda_l1': 0.1421420427377467, 'num_leaves': 104, 'max_bin': 253, 'min_data_in_leaf': 70, 'subsample': 0.9213902916603305, 'subsample_for_bin': 160000, 'verbosity': 0, 'learning_rate': 0.0594778914678764, 'bagging_freq': 1, 'lambda_l2': 0.3050601531311282, 'boosting_type': 'gbdt'}",100,218,32.964927950999936
0.19103827875781143,"{'feature_fraction': 0.7269033442070778, 'lambda_l1': 0.6665149157888615, 'num_leaves': 112, 'max_bin': 253, 'min_data_in_leaf': 270, 'subsample': 0.87931824480266, 'subsample_for_bin': 200000, 'verbosity': 0, 'learning_rate': 0.07711837051458482, 'bagging_freq': 3, 'lambda_l2': 0.07902367257748688, 'boosting_type': 'gbdt'}",101,160,26.85491325599969
0.19315212938946635,"{'feature_fraction': 0.9431943497392841, 'lambda_l1': 0.27565298740678107, 'num_leaves': 136, 'max_bin': 253, 'min_data_in_leaf': 190, 'subsample': 0.8992917099273083, 'subsample_for_bin': 140000, 'verbosity': 0, 'learning_rate': 0.10670514255867378, 'bagging_freq': 6, 'lambda_l2': 0.18781748936782, 'boosting_type': 'gbdt'}",102,91,24.125731592999728
0.19040764718046033,"{'feature_fraction': 0.7589606860821047, 'lambda_l1': 0.34397858385390884, 'num_leaves': 100, 'max_bin': 253, 'min_data_in_leaf': 230, 'subsample': 0.9997645431451698, 'subsample_for_bin': 280000, 'verbosity': 0, 'learning_rate': 0.06230925468925026, 'bagging_freq': 1, 'lambda_l2': 0.022355650811579586, 'boosting_type': 'gbdt'}",103,238,34.88377795400038
0.21151800991435044,"{'feature_fraction': 0.7927280699667532, 'lambda_l1': 0.5248194375143044, 'num_leaves': 124, 'max_bin': 254, 'min_data_in_leaf': 170, 'subsample': 1.0, 'subsample_for_bin': 220000, 'verbosity': 0, 'learning_rate': 0.07485607150606162, 'bagging_freq': 1, 'lambda_l2': 0.24268366093500793, 'boosting_type': 'goss'}",104,13,8.727936907000185
0.19016136885738855,"{'feature_fraction': 0.7458499883797335, 'lambda_l1': 0.0015044910014939128, 'num_leaves': 96, 'max_bin': 253, 'min_data_in_leaf': 300, 'subsample': 0.8019353495292558, 'subsample_for_bin': 180000, 'verbosity': 0, 'learning_rate': 0.05669031981685476, 'bagging_freq': 2, 'lambda_l2': 0.425944460163078, 'boosting_type': 'gbdt'}",105,266,35.67899752700032
0.1913549790956659,"{'feature_fraction': 0.9782225496625208, 'lambda_l1': 0.6061901739011898, 'num_leaves': 80, 'max_bin': 253, 'min_data_in_leaf': 260, 'subsample': 0.7453975159277182, 'subsample_for_bin': 120000, 'verbosity': 0, 'learning_rate': 0.07034773474181082, 'bagging_freq': 2, 'lambda_l2': 0.3813179116762985, 'boosting_type': 'gbdt'}",106,227,31.978648868000164
0.1906739064699554,"{'feature_fraction': 0.688500441850055, 'lambda_l1': 0.16851064575336236, 'num_leaves': 116, 'max_bin': 253, 'min_data_in_leaf': 200, 'subsample': 0.9534931827395529, 'subsample_for_bin': 200000, 'verbosity': 0, 'learning_rate': 0.06792960298277437, 'bagging_freq': 1, 'lambda_l2': 0.47411322684578333, 'boosting_type': 'gbdt'}",107,213,32.62343578100081
0.19501544759426326,"{'feature_fraction': 0.8465539450346241, 'lambda_l1': 0.7125208138585335, 'num_leaves': 88, 'max_bin': 253, 'min_data_in_leaf': 90, 'subsample': 0.7179458250673001, 'subsample_for_bin': 160000, 'verbosity': 0, 'learning_rate': 0.11457695338648871, 'bagging_freq': 2, 'lambda_l2': 0.1428852269724883, 'boosting_type': 'gbdt'}",108,90,16.87556886999937
0.19928010802209017,"{'feature_fraction': 0.5798848311274596, 'lambda_l1': 0.37865020613630285, 'num_leaves': 128, 'max_bin': 254, 'min_data_in_leaf': 320, 'subsample': 0.9330478807332755, 'subsample_for_bin': 120000, 'verbosity': 0, 'learning_rate': 0.22635049199400056, 'bagging_freq': 1, 'lambda_l2': 0.2856742018326639, 'boosting_type': 'gbdt'}",109,48,15.669033971999852
0.21217233333382257,"{'feature_fraction': 0.6352636122095228, 'lambda_l1': 0.4372161451227479, 'num_leaves': 160, 'max_bin': 253, 'min_data_in_leaf': 30, 'subsample': 1.0, 'subsample_for_bin': 80000, 'verbosity': 0, 'learning_rate': 0.10280870980139714, 'bagging_freq': 2, 'lambda_l2': 0.16877696705179496, 'boosting_type': 'goss'}",110,9,7.861830911000652
0.1910350597901621,"{'feature_fraction': 0.7166480781997672, 'lambda_l1': 0.217730877434352, 'num_leaves': 108, 'max_bin': 253, 'min_data_in_leaf': 230, 'subsample': 0.8451674689546307, 'subsample_for_bin': 140000, 'verbosity': 0, 'learning_rate': 0.07948944691871979, 'bagging_freq': 2, 'lambda_l2': 0.09827950337751457, 'boosting_type': 'gbdt'}",111,156,25.475459064999995
0.19184815376612752,"{'feature_fraction': 0.89385450861124, 'lambda_l1': 0.19043846601251163, 'num_leaves': 68, 'max_bin': 253, 'min_data_in_leaf': 280, 'subsample': 0.8184729517167407, 'subsample_for_bin': 100000, 'verbosity': 0, 'learning_rate': 0.0896686846969526, 'bagging_freq': 1, 'lambda_l2': 0.40225204079998284, 'boosting_type': 'gbdt'}",112,182,25.381048377000297
0.19150510768490658,"{'feature_fraction': 0.8186791922552328, 'lambda_l1': 0.6278800483071488, 'num_leaves': 140, 'max_bin': 254, 'min_data_in_leaf': 160, 'subsample': 0.9757204163299097, 'subsample_for_bin': 60000, 'verbosity': 0, 'learning_rate': 0.08363001334634537, 'bagging_freq': 4, 'lambda_l2': 0.44824972238927147, 'boosting_type': 'gbdt'}",113,119,26.43647464999958
0.1906142802262547,"{'feature_fraction': 0.5515632663849669, 'lambda_l1': 0.09183811441200412, 'num_leaves': 92, 'max_bin': 253, 'min_data_in_leaf': 340, 'subsample': 0.9179488979222783, 'subsample_for_bin': 240000, 'verbosity': 0, 'learning_rate': 0.06290245264479025, 'bagging_freq': 5, 'lambda_l2': 0.32747156038269, 'boosting_type': 'gbdt'}",114,239,28.1576468559997
0.20931538325596633,"{'feature_fraction': 0.7501091235718426, 'lambda_l1': 0.7497646714352455, 'num_leaves': 196, 'max_bin': 253, 'min_data_in_leaf': 250, 'subsample': 1.0, 'subsample_for_bin': 120000, 'verbosity': 0, 'learning_rate': 0.05282408306266646, 'bagging_freq': 1, 'lambda_l2': 0.22299299741821915, 'boosting_type': 'goss'}",115,18,9.079328612000609
0.19073501553525318,"{'feature_fraction': 0.8692594503622527, 'lambda_l1': 0.47280306689781715, 'num_leaves': 76, 'max_bin': 253, 'min_data_in_leaf': 360, 'subsample': 0.7850404294674624, 'subsample_for_bin': 180000, 'verbosity': 0, 'learning_rate': 0.054110328776649064, 'bagging_freq': 6, 'lambda_l2': 0.36680319286868585, 'boosting_type': 'gbdt'}",116,371,43.11470776100032
0.19114104550112543,"{'feature_fraction': 0.6655877653119335, 'lambda_l1': 0.5434077502991773, 'num_leaves': 104, 'max_bin': 253, 'min_data_in_leaf': 300, 'subsample': 0.8590589336310569, 'subsample_for_bin': 140000, 'verbosity': 0, 'learning_rate': 0.07235390141610169, 'bagging_freq': 1, 'lambda_l2': 0.5313385978203445, 'boosting_type': 'gbdt'}",117,209,31.170339836000494
0.1898967943939054,"{'feature_fraction': 0.9179276814476628, 'lambda_l1': 0.2558685918105664, 'num_leaves': 96, 'max_bin': 253, 'min_data_in_leaf': 280, 'subsample': 0.938480363937324, 'subsample_for_bin': 100000, 'verbosity': 0, 'learning_rate': 0.06589947983374321, 'bagging_freq': 2, 'lambda_l2': 0.2595157893484965, 'boosting_type': 'gbdt'}",118,231,36.283641291000094
0.19103202317244394,"{'feature_fraction': 0.9439554505347689, 'lambda_l1': 0.0531882646038673, 'num_leaves': 60, 'max_bin': 253, 'min_data_in_leaf': 320, 'subsample': 0.7663815958941047, 'subsample_for_bin': 80000, 'verbosity': 0, 'learning_rate': 0.06611801320088512, 'bagging_freq': 2, 'lambda_l2': 0.12325763563493056, 'boosting_type': 'gbdt'}",119,259,29.985786166999787
0.22226237851607367,"{'feature_fraction': 0.9046832289378217, 'lambda_l1': 0.40193845549020774, 'num_leaves': 84, 'max_bin': 254, 'min_data_in_leaf': 340, 'subsample': 1.0, 'subsample_for_bin': 20000, 'verbosity': 0, 'learning_rate': 0.17512243026894453, 'bagging_freq': 2, 'lambda_l2': 0.637126165950149, 'boosting_type': 'goss'}",120,5,6.323573632999796
0.1920084994110992,"{'feature_fraction': 0.9672743643377582, 'lambda_l1': 0.1090602803398894, 'num_leaves': 52, 'max_bin': 253, 'min_data_in_leaf': 380, 'subsample': 0.9887031633136032, 'subsample_for_bin': 60000, 'verbosity': 0, 'learning_rate': 0.09763121547187655, 'bagging_freq': 2, 'lambda_l2': 0.021554938067679413, 'boosting_type': 'gbdt'}",121,253,28.763942612000392
0.19173433028386588,"{'feature_fraction': 0.9903352986772844, 'lambda_l1': 0.5037907287720863, 'num_leaves': 180, 'max_bin': 253, 'min_data_in_leaf': 280, 'subsample': 0.8734275416075987, 'subsample_for_bin': 40000, 'verbosity': 0, 'learning_rate': 0.06900303761649866, 'bagging_freq': 3, 'lambda_l2': 0.6707545022732164, 'boosting_type': 'gbdt'}",122,151,36.83826067100017
0.19560875639915043,"{'feature_fraction': 0.9179729165811078, 'lambda_l1': 0.29355336700969326, 'num_leaves': 28, 'max_bin': 253, 'min_data_in_leaf': 400, 'subsample': 0.9575276822852161, 'subsample_for_bin': 100000, 'verbosity': 0, 'learning_rate': 0.19841771664154736, 'bagging_freq': 2, 'lambda_l2': 0.4327715700929215, 'boosting_type': 'gbdt'}",123,129,13.131918215999576
0.19118955822625916,"{'feature_fraction': 0.8564103381729592, 'lambda_l1': 0.9653915589291229, 'num_leaves': 44, 'max_bin': 253, 'min_data_in_leaf': 310, 'subsample': 0.7032986962845351, 'subsample_for_bin': 40000, 'verbosity': 0, 'learning_rate': 0.06172323607736401, 'bagging_freq': 1, 'lambda_l2': 0.2538776078065144, 'boosting_type': 'gbdt'}",124,434,37.22312506900016
0.21469965424531257,"{'feature_fraction': 0.8362848779135805, 'lambda_l1': 0.317772838562582, 'num_leaves': 96, 'max_bin': 253, 'min_data_in_leaf': 330, 'subsample': 1.0, 'subsample_for_bin': 80000, 'verbosity': 0, 'learning_rate': 0.09342755788026401, 'bagging_freq': 3, 'lambda_l2': 0.1972988216798689, 'boosting_type': 'goss'}",125,10,6.97464605299956
0.19060430994348465,"{'feature_fraction': 0.8883503597445169, 'lambda_l1': 0.17446375935508246, 'num_leaves': 72, 'max_bin': 254, 'min_data_in_leaf': 360, 'subsample': 0.6388471790519459, 'subsample_for_bin': 60000, 'verbosity': 0, 'learning_rate': 0.050848293571039316, 'bagging_freq': 2, 'lambda_l2': 0.5096705987748353, 'boosting_type': 'gbdt'}",126,381,42.49151956500009
0.18956645056867671,"{'feature_fraction': 0.9305211093011749, 'lambda_l1': 0.6583471567523482, 'num_leaves': 112, 'max_bin': 253, 'min_data_in_leaf': 430, 'subsample': 0.9449031711962093, 'subsample_for_bin': 80000, 'verbosity': 0, 'learning_rate': 0.055015774547167225, 'bagging_freq': 4, 'lambda_l2': 0.3039168827416973, 'boosting_type': 'gbdt'}",127,310,49.44133261300067
0.1908016780840872,"{'feature_fraction': 0.9636332059932518, 'lambda_l1': 0.9042757795208133, 'num_leaves': 148, 'max_bin': 253, 'min_data_in_leaf': 430, 'subsample': 0.8353727380629001, 'subsample_for_bin': 20000, 'verbosity': 0, 'learning_rate': 0.05541886518628253, 'bagging_freq': 4, 'lambda_l2': 0.5571200881575382, 'boosting_type': 'gbdt'}",128,330,48.65165812499981
0.19405741381273078,"{'feature_fraction': 0.9403514861059066, 'lambda_l1': 0.8005658334758154, 'num_leaves': 136, 'max_bin': 253, 'min_data_in_leaf': 420, 'subsample': 0.8921956162468175, 'subsample_for_bin': 80000, 'verbosity': 0, 'learning_rate': 0.14255111917878405, 'bagging_freq': 5, 'lambda_l2': 0.7672570381116921, 'boosting_type': 'gbdt'}",129,98,23.641741931999604
0.2196810367104174,"{'feature_fraction': 0.8751193868496939, 'lambda_l1': 0.666824886051067, 'num_leaves': 64, 'max_bin': 253, 'min_data_in_leaf': 390, 'subsample': 1.0, 'subsample_for_bin': 60000, 'verbosity': 0, 'learning_rate': 0.0587003344717794, 'bagging_freq': 5, 'lambda_l2': 0.46337522915317714, 'boosting_type': 'goss'}",130,17,7.112465775000601
0.19118726192742386,"{'feature_fraction': 0.7749803729653207, 'lambda_l1': 0.7250534967500376, 'num_leaves': 112, 'max_bin': 253, 'min_data_in_leaf': 450, 'subsample': 0.9468610916949848, 'subsample_for_bin': 40000, 'verbosity': 0, 'learning_rate': 0.08189104656347893, 'bagging_freq': 4, 'lambda_l2': 0.30933437939587727, 'boosting_type': 'gbdt'}",131,202,33.401167165000516
0.18992354087035446,"{'feature_fraction': 0.8040376467331828, 'lambda_l1': 0.7710678868412698, 'num_leaves': 120, 'max_bin': 254, 'min_data_in_leaf': 400, 'subsample': 0.9039301152736838, 'subsample_for_bin': 120000, 'verbosity': 0, 'learning_rate': 0.05012248126217544, 'bagging_freq': 4, 'lambda_l2': 0.33908008357863706, 'boosting_type': 'gbdt'}",132,294,44.766353662000256
0.1938197463373127,"{'feature_fraction': 0.9290220134959396, 'lambda_l1': 0.8312102094447492, 'num_leaves': 20, 'max_bin': 253, 'min_data_in_leaf': 370, 'subsample': 0.9134763558293253, 'subsample_for_bin': 100000, 'verbosity': 0, 'learning_rate': 0.12106555499857655, 'bagging_freq': 6, 'lambda_l2': 0.40998800126137624, 'boosting_type': 'gbdt'}",133,405,22.772806063000644
0.19310294950380547,"{'feature_fraction': 0.7936234689488187, 'lambda_l1': 0.6918119751500068, 'num_leaves': 164, 'max_bin': 253, 'min_data_in_leaf': 430, 'subsample': 0.6009223294569508, 'subsample_for_bin': 20000, 'verbosity': 0, 'learning_rate': 0.07753294402688594, 'bagging_freq': 4, 'lambda_l2': 0.1683605692580804, 'boosting_type': 'gbdt'}",134,240,27.890786167999977
0.21628821259645203,"{'feature_fraction': 0.6148754834133795, 'lambda_l1': 0.6496488744734102, 'num_leaves': 80, 'max_bin': 253, 'min_data_in_leaf': 480, 'subsample': 1.0, 'subsample_for_bin': 80000, 'verbosity': 0, 'learning_rate': 0.05741627454351286, 'bagging_freq': 5, 'lambda_l2': 0.7037007724071527, 'boosting_type': 'goss'}",135,17,6.352412793999974
0.19503053459426722,"{'feature_fraction': 0.5692542714542945, 'lambda_l1': 0.5608842360589547, 'num_leaves': 88, 'max_bin': 254, 'min_data_in_leaf': 490, 'subsample': 0.9224929230927568, 'subsample_for_bin': 120000, 'verbosity': 0, 'learning_rate': 0.15185291767115863, 'bagging_freq': 4, 'lambda_l2': 0.4935041700298947, 'boosting_type': 'gbdt'}",136,90,16.540463853999427
0.19331986730410788,"{'feature_fraction': 0.9977233751435, 'lambda_l1': 0.6190451003999035, 'num_leaves': 180, 'max_bin': 253, 'min_data_in_leaf': 410, 'subsample': 0.9612659232445343, 'subsample_for_bin': 60000, 'verbosity': 0, 'learning_rate': 0.1294062050664477, 'bagging_freq': 6, 'lambda_l2': 0.6002081132778939, 'boosting_type': 'gbdt'}",137,85,24.74518370700025
0.19150533043572082,"{'feature_fraction': 0.826475177552261, 'lambda_l1': 0.5850869386829102, 'num_leaves': 120, 'max_bin': 253, 'min_data_in_leaf': 350, 'subsample': 0.8105432645141608, 'subsample_for_bin': 40000, 'verbosity': 0, 'learning_rate': 0.0740616621684047, 'bagging_freq': 4, 'lambda_l2': 0.3886008498944441, 'boosting_type': 'gbdt'}",138,155,27.8690325460002
0.1901130330226074,"{'feature_fraction': 0.843790305581186, 'lambda_l1': 0.9251353464144805, 'num_leaves': 56, 'max_bin': 253, 'min_data_in_leaf': 390, 'subsample': 0.8511906004085533, 'subsample_for_bin': 100000, 'verbosity': 0, 'learning_rate': 0.054003439336497754, 'bagging_freq': 5, 'lambda_l2': 0.35797173897410367, 'boosting_type': 'gbdt'}",139,430,41.28086181100025
0.22511069263221373,"{'feature_fraction': 0.7648843035614323, 'lambda_l1': 0.8654661766639683, 'num_leaves': 40, 'max_bin': 253, 'min_data_in_leaf': 440, 'subsample': 1.0, 'subsample_for_bin': 160000, 'verbosity': 0, 'learning_rate': 0.08786490305461003, 'bagging_freq': 5, 'lambda_l2': 0.2946707099284411, 'boosting_type': 'goss'}",140,11,5.897970334000092
0.19285874909641798,"{'feature_fraction': 0.8117007461796273, 'lambda_l1': 0.5223184553758591, 'num_leaves': 128, 'max_bin': 253, 'min_data_in_leaf': 380, 'subsample': 0.5174440124647002, 'subsample_for_bin': 80000, 'verbosity': 0, 'learning_rate': 0.05178839491422613, 'bagging_freq': 3, 'lambda_l2': 0.08233982085797525, 'boosting_type': 'gbdt'}",141,276,29.579387476999727
0.19108682314850223,"{'feature_fraction': 0.9002389365192536, 'lambda_l1': 0.7511622080788771, 'num_leaves': 68, 'max_bin': 253, 'min_data_in_leaf': 470, 'subsample': 0.8664995833520965, 'subsample_for_bin': 60000, 'verbosity': 0, 'learning_rate': 0.06106689319217966, 'bagging_freq': 4, 'lambda_l2': 0.5804683987940245, 'boosting_type': 'gbdt'}",142,283,35.539978052999686
0.1944644123078788,"{'feature_fraction': 0.9695962921441659, 'lambda_l1': 0.5976448163757682, 'num_leaves': 32, 'max_bin': 254, 'min_data_in_leaf': 450, 'subsample': 0.8841432081846471, 'subsample_for_bin': 120000, 'verbosity': 0, 'learning_rate': 0.13609612177797567, 'bagging_freq': 3, 'lambda_l2': 0.5330809398972726, 'boosting_type': 'gbdt'}",143,256,22.075878493000346
0.19025261261372695,"{'feature_fraction': 0.7098281646223243, 'lambda_l1': 0.967894037100777, 'num_leaves': 84, 'max_bin': 253, 'min_data_in_leaf': 340, 'subsample': 0.9863397776163303, 'subsample_for_bin': 280000, 'verbosity': 0, 'learning_rate': 0.06293859861864816, 'bagging_freq': 6, 'lambda_l2': 0.8799714822334131, 'boosting_type': 'gbdt'}",144,290,35.48430720600027
0.21321412032960552,"{'feature_fraction': 0.854864253960086, 'lambda_l1': 0.4565843021921133, 'num_leaves': 152, 'max_bin': 253, 'min_data_in_leaf': 320, 'subsample': 1.0, 'subsample_for_bin': 20000, 'verbosity': 0, 'learning_rate': 0.07085804706029705, 'bagging_freq': 5, 'lambda_l2': 0.44083911995756897, 'boosting_type': 'goss'}",145,14,7.294413841000278
0.18994105410716866,"{'feature_fraction': 0.8856914280622984, 'lambda_l1': 0.25581154177731824, 'num_leaves': 108, 'max_bin': 253, 'min_data_in_leaf': 270, 'subsample': 0.9366109299754917, 'subsample_for_bin': 100000, 'verbosity': 0, 'learning_rate': 0.06523795720550736, 'bagging_freq': 4, 'lambda_l2': 0.22939468587135392, 'boosting_type': 'gbdt'}",146,220,36.45403184099996
0.18986118374534733,"{'feature_fraction': 0.9097342352404418, 'lambda_l1': 0.3466602729937479, 'num_leaves': 92, 'max_bin': 253, 'min_data_in_leaf': 240, 'subsample': 0.9436769483912463, 'subsample_for_bin': 100000, 'verbosity': 0, 'learning_rate': 0.05600525954037093, 'bagging_freq': 4, 'lambda_l2': 0.32012919179079513, 'boosting_type': 'gbdt'}",147,349,45.41550673099937
0.18996860532552995,"{'feature_fraction': 0.9123472264404809, 'lambda_l1': 0.34757678630962896, 'num_leaves': 100, 'max_bin': 253, 'min_data_in_leaf': 230, 'subsample': 0.9474103885835095, 'subsample_for_bin': 80000, 'verbosity': 0, 'learning_rate': 0.056075275809946194, 'bagging_freq': 4, 'lambda_l2': 0.4160048103711115, 'boosting_type': 'gbdt'}",148,300,43.21005794499979
0.19086178586263658,"{'feature_fraction': 0.9388519002501149, 'lambda_l1': 0.3879582066795571, 'num_leaves': 76, 'max_bin': 253, 'min_data_in_leaf': 240, 'subsample': 0.9966253293875249, 'subsample_for_bin': 140000, 'verbosity': 0, 'learning_rate': 0.06778652523224772, 'bagging_freq': 4, 'lambda_l2': 0.33151148217052145, 'boosting_type': 'gbdt'}",149,266,34.19944100700013
0.18937683066228017,"{'feature_fraction': 0.8634257915867122, 'lambda_l1': 0.42536348686587255, 'num_leaves': 112, 'max_bin': 253, 'min_data_in_leaf': 290, 'subsample': 0.9266008992638208, 'subsample_for_bin': 100000, 'verbosity': 0, 'learning_rate': 0.05210138005447045, 'bagging_freq': 5, 'lambda_l2': 0.37515505796051607, 'boosting_type': 'gbdt'}",150,243,39.23576724199938
0.19018484504614763,"{'feature_fraction': 0.9996039684498319, 'lambda_l1': 0.4825011763726731, 'num_leaves': 112, 'max_bin': 253, 'min_data_in_leaf': 200, 'subsample': 0.9657430617409839, 'subsample_for_bin': 100000, 'verbosity': 0, 'learning_rate': 0.05025018807985294, 'bagging_freq': 5, 'lambda_l2': 0.36722045218090904, 'boosting_type': 'gbdt'}",151,316,48.99548718299957
0.19015096508406304,"{'feature_fraction': 0.9527185697663574, 'lambda_l1': 0.4334863846811315, 'num_leaves': 132, 'max_bin': 253, 'min_data_in_leaf': 180, 'subsample': 0.9772490273498806, 'subsample_for_bin': 80000, 'verbosity': 0, 'learning_rate': 0.0598450078619536, 'bagging_freq': 5, 'lambda_l2': 0.20774026426399556, 'boosting_type': 'gbdt'}",152,223,40.92123810200064
